{
   "distortionPower" : 1,
   "fov" : 140,
   "projectors" : [
      {
         "baseAngle" : 0.059928156435489655,
         "horFOV" : 0.68700015544891357,
         "isUpsideDown" : false,
         "position" : [ 6.6500210762023926, -0.1900000274181366, 0 ],
         "vertFOV" : 0.35992580652236938
      },
      {
         "baseAngle" : 0.049958407878875732,
         "horFOV" : 0.046491626650094986,
         "isUpsideDown" : false,
         "position" : [ 6.8900432586669922, -0.65999966859817505, 0.42439675331115723 ],
         "vertFOV" : 0.3305479884147644
      },
      {
         "baseAngle" : 0.099668644368648529,
         "horFOV" : 0.61476963758468628,
         "isUpsideDown" : false,
         "position" : [ 7.4700565338134766, -0.67999964952468872, 4.1887903213500977 ],
         "vertFOV" : 0.36717385053634644
      }
   ],
   "sphereApexHeight" : 2.4200000762939453
}
