{
   "distortionPower" : 1,
   "fov" : 140,
   "projectors" : [
      {
         "baseAngle" : 0.067928165197372437,
         "horFOV" : 0.75999921560287476,
         "isUpsideDown" : false,
         "position" : [ 6.260012149810791, -0.21000000834465027, -2.2351741291171123e-10 ],
         "vertFOV" : 0.40989965200424194
      },
      {
         "baseAngle" : 0.049958407878875732,
         "horFOV" : 0.046491626650094986,
         "isUpsideDown" : false,
         "position" : [ 6.8900432586669922, -0.65999966859817505, 0.42439675331115723 ],
         "vertFOV" : 0.3305479884147644
      },
      {
         "baseAngle" : 0.0090000005438923836,
         "horFOV" : 0.62776947021484375,
         "isUpsideDown" : false,
         "position" : [ 7.9900684356689453, -0.29000091552734375, 4.1887903213500977 ],
         "vertFOV" : 0.36819997429847717
      }
   ],
   "sphereApexHeight" : 2.4200000762939453
}
