{
   "distortionPower" : 1,
   "fov" : 140,
   "projectors" : [
      {
         "baseAngle" : 0.059928156435489655,
         "horFOV" : 0.7089998722076416,
         "isUpsideDown" : false,
         "position" : [ 6.0900082588195801, -0.12999999523162842, 0 ],
         "vertFOV" : 0.36592572927474976
      },
      {
         "baseAngle" : 0.069886021316051483,
         "horFOV" : 0.60576975345611572,
         "isUpsideDown" : false,
         "position" : [ 5, 0, 2.0943951606750488 ],
         "vertFOV" : 0.42524725198745728
      },
      {
         "baseAngle" : 0.099668644368648529,
         "horFOV" : 0.62484383583068848,
         "isUpsideDown" : false,
         "position" : [ 5, 0, 4.1887903213500977 ],
         "vertFOV" : 0.36717385053634644
      }
   ],
   "sphereApexHeight" : 2.4200000762939453
}
