{
   "distortionPower" : 1,
   "fov" : 140,
   "projectors" : [
      {
         "baseAngle" : 0.069886021316051483,
         "horFOV" : 0.60576975345611572,
         "position" : [ 4.4000000953674316, 0, 0 ],
         "up" : [ 0, 1, 0 ],
         "vertFOV" : 0.42524725198745728
      },
      {
         "baseAngle" : 0.069886021316051483,
         "horFOV" : 0.60576975345611572,
         "position" : [ 4.4000000953674316, 0, 2.0899999141693115 ],
         "up" : [ 0, 1, 0 ],
         "vertFOV" : 0.42524725198745728
      },
      {
         "baseAngle" : 0.069886021316051483,
         "horFOV" : 0.60576975345611572,
         "position" : [ 4.4000000953674316, 0, 4.1887903213500977 ],
         "up" : [ 0, 1, 0 ],
         "vertFOV" : 0.42524725198745728
      }
   ],
   "sphereApexHeight" : 2.3700001239776611
}
