{
   "distortionPower" : 1,
   "fov" : 140,
   "projectors" : [
      {
         "baseAngle" : 0.059928156435489655,
         "horFOV" : 0.68900001049041748,
         "isUpsideDown" : false,
         "position" : [ 5.8300023078918457, -0.099999994039535522, 0 ],
         "vertFOV" : 0.36292576789855957
      },
      {
         "baseAngle" : 0.069886021316051483,
         "horFOV" : 0.60576975345611572,
         "isUpsideDown" : false,
         "position" : [ 5, 0, 2.0943951606750488 ],
         "vertFOV" : 0.42524725198745728
      },
      {
         "baseAngle" : 0.069886021316051483,
         "horFOV" : 0.60576975345611572,
         "isUpsideDown" : false,
         "position" : [ 5, 0, 4.1887903213500977 ],
         "vertFOV" : 0.42524725198745728
      }
   ],
   "sphereApexHeight" : 2.4200000762939453
}
