{
   "distortionPower" : 1,
   "fov" : 140,
   "projectors" : [
      {
         "baseAngle" : 0.059928156435489655,
         "horFOV" : 0.66442710161209106,
         "isUpsideDown" : false,
         "position" : [ 1.9600002765655518, -0.1000000461935997, 3.1000001430511475 ],
         "vertFOV" : 0.36292576789855957,
         "yRotation" : 0
      },
      {
         "baseAngle" : 0.059928156435489655,
         "horFOV" : 0.66442710161209106,
         "isUpsideDown" : false,
         "position" : [ 6.6900315284729004, 0.18000034987926483, -1.8856029510498047 ],
         "vertFOV" : 0.36292576789855957,
         "yRotation" : 0
      },
      {
         "baseAngle" : 0.059928156435489655,
         "horFOV" : 0.66442710161209106,
         "isUpsideDown" : false,
         "position" : [ 7.5500001907348633, -0.30000090599060059, -4.271209716796875 ],
         "vertFOV" : 0.36292576789855957,
         "yRotation" : 0
      }
   ]
}
