{
   "distortionPower" : 1,
   "fov" : 140,
   "projectors" : [
      {
         "baseAngle" : 0.059928156435489655,
         "horFOV" : 0.68700015544891357,
         "isUpsideDown" : false,
         "position" : [ 6.6500210762023926, -0.1900000274181366, 0 ],
         "vertFOV" : 0.35992580652236938
      },
      {
         "baseAngle" : 0.059886012226343155,
         "horFOV" : 0.59276992082595825,
         "isUpsideDown" : false,
         "position" : [ 6.8900432586669922, -0.65999966859817505, 0.42439675331115723 ],
         "vertFOV" : 0.38324779272079468
      },
      {
         "baseAngle" : 0.099668644368648529,
         "horFOV" : 0.62484383583068848,
         "isUpsideDown" : false,
         "position" : [ 5, 0, 4.1887903213500977 ],
         "vertFOV" : 0.36717385053634644
      }
   ],
   "sphereApexHeight" : 2.4200000762939453
}
