{
   "distortionPower" : 1,
   "fov" : 140,
   "projectors" : [
      {
         "baseAngle" : 0.059928156435489655,
         "horFOV" : 0.66442710161209106,
         "isUpsideDown" : false,
         "position" : [ 1.9200124740600586, -0.090000003576278687, -1.1200000047683716 ],
         "vertFOV" : 0.36292576789855957,
         "yRotation" : 0
      },
      {
         "baseAngle" : 0.059928156435489655,
         "horFOV" : 0.66442710161209106,
         "isUpsideDown" : false,
         "position" : [ 6.6900315284729004, 0.18000034987926483, -1.8856029510498047 ],
         "vertFOV" : 0.36292576789855957,
         "yRotation" : 0
      },
      {
         "baseAngle" : 0.059928156435489655,
         "horFOV" : 0.66442710161209106,
         "isUpsideDown" : false,
         "position" : [ 7.5500001907348633, -0.30000090599060059, -4.271209716796875 ],
         "vertFOV" : 0.36292576789855957,
         "yRotation" : 0
      }
   ],
   "sphereApexHeight" : 2.4200000762939453,
   "sphereDiameter" : 1.5
}
