{
   "distortionPower" : 1,
   "fov" : 140,
   "projectors" : [
      {
         "baseAngle" : 0.067928165197372437,
         "horFOV" : 0.77099907398223877,
         "isUpsideDown" : false,
         "position" : [ 6.260012149810791, -0.21000000834465027, -2.2351741291171123e-10 ],
         "vertFOV" : 0.40989965200424194
      },
      {
         "baseAngle" : 0.042958419770002365,
         "horFOV" : 0.43434944748878479,
         "isUpsideDown" : false,
         "position" : [ 6.6900315284729004, 0.18000034987926483, -0.3756030797958374 ],
         "vertFOV" : 0.32454773783683777
      },
      {
         "baseAngle" : 0.015000001527369022,
         "horFOV" : 0.67776882648468018,
         "isUpsideDown" : false,
         "position" : [ 7.5500001907348633, -0.30000090599060059, 4.1887903213500977 ],
         "vertFOV" : 0.39419963955879211
      }
   ],
   "sphereApexHeight" : 2.4200000762939453
}
